TargetModel,Sequence,TargetField,MappingExpression,Notes
FACT_Budgets,1,[BudgetKey],sat.[BudgetKey],
FACT_Budgets,2,[BudgetModelDimKey],sat.[BudgetModelDimKey],
FACT_Budgets,3,[CompanyDimKey],sat.[CompanyDimKey],
FACT_Budgets,4,[CurrencyDimKey],sat.[CurrencyDimKey],
FACT_Budgets,5,[DateDimKey],sat.[DateDimKey],
FACT_Budgets,6,[LedgerDimensionKey],sat.[LedgerDimensionKey],
FACT_Budgets,7,[MainAccountCategoryDimKey],sat.[MainAccountCategoryDimKey],
FACT_Budgets,8,[MainAccountDimKey],sat.[MainAccountDimKey],
FACT_Budgets,9,[PartitionDimKey],sat.[PartitionDimKey],
FACT_Budgets,10,[BudgetAccountingCurrencyAmount],sat.[BudgetAccountingCurrencyAmount],
FACT_Budgets,11,[BudgetComment],sat.[BudgetComment],
FACT_Budgets,12,[BudgetCompanyCode],sat.[BudgetCompanyCode],
FACT_Budgets,13,[BudgetDate],sat.[BudgetDate],
FACT_Budgets,14,[BudgetModelType],sat.[BudgetModelType],
FACT_Budgets,15,[BudgetPrice],sat.[BudgetPrice],
FACT_Budgets,16,[BudgetQuantity],sat.[BudgetQuantity],
FACT_Budgets,17,[BudgetSubModel],sat.[BudgetSubModel],
FACT_Budgets,18,[BudgetTransactionCurrencyAmount],sat.[BudgetTransactionCurrencyAmount],
FACT_Budgets,19,[BudgetTransactionId],sat.[BudgetTransactionId],
FACT_Budgets,20,[BudgetTransactionType],sat.[BudgetTransactionType],
FACT_Budgets,21,[BudgetType],sat.[BudgetType],
FACT_Budgets,22,[BudgetHashDiff],sat.[BudgetHashDiff],
FACT_Budgets,23,[LoadDate],sat.[VaultEffectiveFrom],
FACT_Budgets,24,[RecordSource],sat.[RecordSource],
SAT_Budgets_CO001,1,[BudgetKey],TRY_CAST(NULL AS varchar(255)),
SAT_Budgets_CO001,2,[BudgetModelDimKey],TRY_CAST(NULL AS varchar(255)),
SAT_Budgets_CO001,3,[CompanyDimKey],TRY_CAST(NULL AS varchar(255)),
SAT_Budgets_CO001,4,[CurrencyDimKey],TRY_CAST(NULL AS varchar(255)),
SAT_Budgets_CO001,5,[DateDimKey],TRY_CAST(0 AS bigint),"RecId from D365FO, we do not need it for BC."
SAT_Budgets_CO001,6,[LedgerDimensionKey],TRY_CAST(NULL AS varchar(255)),
SAT_Budgets_CO001,7,[MainAccountCategoryDimKey],TRY_CAST(NULL AS varchar(255)),
SAT_Budgets_CO001,8,[MainAccountDimKey],TRY_CAST(NULL AS varchar(255)),
SAT_Budgets_CO001,9,[PartitionDimKey],TRY_CAST(NULL AS varchar(255)),
SAT_Budgets_CO001,10,[BudgetAccountingCurrencyAmount],"TRY_CAST(NULL AS numeric(32,6))",
SAT_Budgets_CO001,11,[BudgetComment],TRY_CAST(NULL AS nvarchar(120)),
SAT_Budgets_CO001,12,[BudgetCompanyCode],TRY_CAST(NULL AS nvarchar(8)),
SAT_Budgets_CO001,13,[BudgetDate],TRY_CAST(NULL AS datetime),
SAT_Budgets_CO001,14,[BudgetModelType],TRY_CAST(NULL AS varchar(8)),
SAT_Budgets_CO001,15,[BudgetPrice],"TRY_CAST(NULL AS numeric(32,6))",
SAT_Budgets_CO001,16,[BudgetQuantity],"TRY_CAST(NULL AS numeric(32,6))",
SAT_Budgets_CO001,17,[BudgetSubModel],TRY_CAST(NULL AS nvarchar(20)),
SAT_Budgets_CO001,18,[BudgetTransactionCurrencyAmount],"TRY_CAST(NULL AS numeric(32,6))",
SAT_Budgets_CO001,19,[BudgetTransactionId],TRY_CAST(NULL AS nvarchar(40)),
SAT_Budgets_CO001,20,[BudgetTransactionType],TRY_CAST(NULL AS varchar(21)),
SAT_Budgets_CO001,21,[BudgetType],TRY_CAST(NULL AS varchar(7)),
SAT_Budgets_CO001,22,[BudgetHashDiff],TRY_CAST(NULL AS varchar(max)),
SAT_Budgets_CO001,23,[LoadDate],TRY_CAST(NULL AS datetime),
SAT_Budgets_CO001,24,[RecordSource],TRY_CAST(NULL AS nvarchar(255)),
SRC_Budgets_CO001,1,[PlaceHolder],'',
DIM_ProjectCategories,1,[ProjectCategoryDimKey],sat.[ProjectCategoryDimKey],
DIM_ProjectCategories,2,[ProjectCategoryId],sat.[ProjectCategoryId],
DIM_ProjectCategories,3,[CategoryCode],sat.[CategoryCode],
DIM_ProjectCategories,4,[CategoryGroupCode],sat.[CategoryGroupCode],
DIM_ProjectCategories,5,[CategoryName],sat.[CategoryName],
DIM_ProjectCategories,6,[ProjCategoryType],sat.[ProjCategoryType],
DIM_ProjectCategories,7,[ProjCategoryEmployeeOption],sat.[ProjCategoryEmployeeOption],
DIM_ProjectCategories,8,[ProjectOpsCustomerRetentionIndicator],sat.[ProjectOpsCustomerRetentionIndicator],
DIM_ProjectCategories,9,[ProjectOpsIndirectComponentIndicator],sat.[ProjectOpsIndirectComponentIndicator],
DIM_ProjectCategories,10,[SetupEstimateIndicator],sat.[SetupEstimateIndicator],
DIM_ProjectCategories,11,[SubscriptionIndicator],sat.[SubscriptionIndicator],
DIM_ProjectCategories,12,[ProjectCategoryHashDiff],sat.[ProjectCategoryHashDiff],
DIM_ProjectCategories,13,[LoadDate],sat.[VaultEffectiveFrom],
DIM_ProjectCategories,14,[RecordSource],sat.[RecordSource],
SAT_ProjectCategories_CO001,1,[ProjectCategoryDimKey],TRY_CAST(NULL AS varchar(255)),
SAT_ProjectCategories_CO001,2,[ProjectCategoryId],TRY_CAST(0 AS bigint),"RecId from D365FO, we do not need it for BC."
SAT_ProjectCategories_CO001,3,[CategoryCode],TRY_CAST(NULL AS nvarchar(60)),
SAT_ProjectCategories_CO001,4,[CategoryGroupCode],TRY_CAST(NULL AS nvarchar(20)),
SAT_ProjectCategories_CO001,5,[CategoryName],TRY_CAST(NULL AS nvarchar(120)),
SAT_ProjectCategories_CO001,6,[ProjCategoryType],TRY_CAST(NULL AS nvarchar(512)),
SAT_ProjectCategories_CO001,7,[ProjCategoryEmployeeOption],TRY_CAST(NULL AS varchar(9)),
SAT_ProjectCategories_CO001,8,[ProjectOpsCustomerRetentionIndicator],TRY_CAST(NULL AS varchar(3)),
SAT_ProjectCategories_CO001,9,[ProjectOpsIndirectComponentIndicator],TRY_CAST(NULL AS varchar(3)),
SAT_ProjectCategories_CO001,10,[SetupEstimateIndicator],TRY_CAST(NULL AS varchar(3)),
SAT_ProjectCategories_CO001,11,[SubscriptionIndicator],TRY_CAST(NULL AS varchar(3)),
SAT_ProjectCategories_CO001,12,[ProjectCategoryHashDiff],TRY_CAST(NULL AS varchar(max)),
SAT_ProjectCategories_CO001,13,[LoadDate],TRY_CAST(NULL AS datetime),
SAT_ProjectCategories_CO001,14,[RecordSource],TRY_CAST(NULL AS varchar(200)),
SRC_ProjectCategories_CO001,1,[PlaceHolder],'',
DIM_Projects,1,[ProjectDimKey],sat.[ProjectDimKey],
DIM_Projects,2,[PojectId],sat.[PojectId],
DIM_Projects,3,[CompanyCode],sat.[CompanyCode],
DIM_Projects,4,[CustomerAccountCode],sat.[CustomerAccountCode],
DIM_Projects,5,[DefaultDimension],sat.[DefaultDimension],
DIM_Projects,6,[FinanceManager],sat.[FinanceManager],
DIM_Projects,7,[FinanceManagerId],sat.[FinanceManagerId],
DIM_Projects,8,[JobNumber],sat.[JobNumber],
DIM_Projects,9,[ParentId],sat.[ParentId],
DIM_Projects,10,[ProjectCode],sat.[ProjectCode],
DIM_Projects,11,[ProjectGroupId],sat.[ProjectGroupId],
DIM_Projects,12,[ProjectGroupName],sat.[ProjectGroupName],
DIM_Projects,13,[ProjectInvoiceId],sat.[ProjectInvoiceId],
DIM_Projects,14,[ProjectManager],sat.[ProjectManager],
DIM_Projects,15,[ProjectManagerID],sat.[ProjectManagerID],
DIM_Projects,16,[ProjectName],sat.[ProjectName],
DIM_Projects,17,[ProjectStatus],sat.[ProjectStatus],
DIM_Projects,18,[ProjectType],sat.[ProjectType],
DIM_Projects,19,[SalesManager],sat.[SalesManager],
DIM_Projects,20,[SalesManagerId],sat.[SalesManagerId],
DIM_Projects,21,[WIPProjectCode],sat.[WIPProjectCode],
DIM_Projects,22,[ProjectHashDiff],sat.[ProjectHashDiff],
DIM_Projects,23,[LoadDate],sat.[VaultEffectiveFrom],
DIM_Projects,24,[RecordSource],sat.[RecordSource],
SAT_Projects_CO001,1,[ProjectDimKey],TRY_CAST(NULL AS varchar(255)),
SAT_Projects_CO001,2,[PojectId],TRY_CAST(0 AS bigint),"RecId from D365FO, we do not need it for BC."
SAT_Projects_CO001,3,[CompanyCode],TRY_CAST(NULL AS nvarchar(8)),
SAT_Projects_CO001,4,[CustomerAccountCode],TRY_CAST(NULL AS nvarchar(40)),
SAT_Projects_CO001,5,[DefaultDimension],TRY_CAST(0 AS bigint),"RecId from D365FO, we do not need it for BC."
SAT_Projects_CO001,6,[FinanceManager],TRY_CAST(NULL AS nvarchar(200)),
SAT_Projects_CO001,7,[FinanceManagerId],TRY_CAST(NULL AS nvarchar(50)),
SAT_Projects_CO001,8,[JobNumber],TRY_CAST(NULL AS nvarchar(40)),
SAT_Projects_CO001,9,[ParentId],TRY_CAST(NULL AS nvarchar(40)),
SAT_Projects_CO001,10,[ProjectCode],TRY_CAST(NULL AS nvarchar(40)),
SAT_Projects_CO001,11,[ProjectGroupId],TRY_CAST(NULL AS nvarchar(20)),
SAT_Projects_CO001,12,[ProjectGroupName],TRY_CAST(NULL AS nvarchar(120)),
SAT_Projects_CO001,13,[ProjectInvoiceId],TRY_CAST(NULL AS nvarchar(40)),
SAT_Projects_CO001,14,[ProjectManager],TRY_CAST(NULL AS nvarchar(200)),
SAT_Projects_CO001,15,[ProjectManagerID],TRY_CAST(NULL AS nvarchar(50)),
SAT_Projects_CO001,16,[ProjectName],TRY_CAST(NULL AS nvarchar(120)),
SAT_Projects_CO001,17,[ProjectStatus],TRY_CAST(NULL AS nvarchar(512)),
SAT_Projects_CO001,18,[ProjectType],TRY_CAST(NULL AS nvarchar(100)),
SAT_Projects_CO001,19,[SalesManager],TRY_CAST(NULL AS nvarchar(200)),
SAT_Projects_CO001,20,[SalesManagerId],TRY_CAST(NULL AS nvarchar(50)),
SAT_Projects_CO001,21,[WIPProjectCode],TRY_CAST(NULL AS nvarchar(40)),
SAT_Projects_CO001,22,[ProjectHashDiff],TRY_CAST(NULL AS varchar(max)),
SAT_Projects_CO001,23,[LoadDate],TRY_CAST(NULL AS datetime),
SAT_Projects_CO001,24,[RecordSource],TRY_CAST(NULL AS varchar(200)),
SRC_Projects_CO001,1,[PlaceHolder],'',
DIM_Products,1,[ProductDimKey],sat.[ProductDimKey],
DIM_Products,2,[ProductId],sat.[ProductId],
DIM_Products,3,[CompanyCode],sat.[CompanyCode],
DIM_Products,4,[ProductCode],sat.[ProductCode],
DIM_Products,5,[ABCContributionMargin],sat.[ABCContributionMargin],
DIM_Products,6,[ABCRevenue],sat.[ABCRevenue],
DIM_Products,7,[ABCTieUp],sat.[ABCTieUp],
DIM_Products,8,[ABCValue],sat.[ABCValue],
DIM_Products,9,[CostGroup],sat.[CostGroup],
DIM_Products,10,[CostGroupId],sat.[CostGroupId],
DIM_Products,11,[CoverageGroupId],sat.[CoverageGroupId],
DIM_Products,12,[CoverageGroupName],sat.[CoverageGroupName],
DIM_Products,13,[DisplayProductNumber],sat.[DisplayProductNumber],
DIM_Products,14,[InstanceRelationType],sat.[InstanceRelationType],
DIM_Products,15,[ItemGroup],sat.[ItemGroup],
DIM_Products,16,[ItemGroupCode],sat.[ItemGroupCode],
DIM_Products,17,[NetWeight],sat.[NetWeight],
DIM_Products,18,[PdsBestBefore],sat.[PdsBestBefore],
DIM_Products,19,[PdsShelfAdvice],sat.[PdsShelfAdvice],
DIM_Products,20,[PdsShelfLife],sat.[PdsShelfLife],
DIM_Products,21,[PrimaryVendorId],sat.[PrimaryVendorId],
DIM_Products,22,[Product],sat.[Product],
DIM_Products,23,[ProductName],sat.[ProductName],
DIM_Products,24,[PurchasePrice],sat.[PurchasePrice],
DIM_Products,25,[PurchasePriceQty],sat.[PurchasePriceQty],
DIM_Products,26,[SalesPrice],sat.[SalesPrice],
DIM_Products,27,[SalesPriceQty],sat.[SalesPriceQty],
DIM_Products,28,[TareWeight],sat.[TareWeight],
DIM_Products,29,[ProductHashDiff],sat.[ProductHashDiff],
DIM_Products,30,[LoadDate],sat.[VaultEffectiveFrom],
DIM_Products,31,[RecordSource],sat.[RecordSource],
SAT_Products_CO001,1,[ProductDimKey],TRY_CAST(NULL AS varchar(255)),
SAT_Products_CO001,2,[ProductId],TRY_CAST(0 AS bigint),"RecId from D365FO, we do not need it for BC."
SAT_Products_CO001,3,[CompanyCode],TRY_CAST(NULL AS nvarchar(8)),
SAT_Products_CO001,4,[ProductCode],TRY_CAST(NULL AS nvarchar(40)),
SAT_Products_CO001,5,[ABCContributionMargin],TRY_CAST(NULL AS int),
SAT_Products_CO001,6,[ABCRevenue],TRY_CAST(NULL AS int),
SAT_Products_CO001,7,[ABCTieUp],TRY_CAST(NULL AS int),
SAT_Products_CO001,8,[ABCValue],TRY_CAST(NULL AS int),
SAT_Products_CO001,9,[CostGroup],TRY_CAST(NULL AS nvarchar(120)),
SAT_Products_CO001,10,[CostGroupId],TRY_CAST(NULL AS nvarchar(20)),
SAT_Products_CO001,11,[CoverageGroupId],TRY_CAST(NULL AS nvarchar(20)),
SAT_Products_CO001,12,[CoverageGroupName],TRY_CAST(NULL AS nvarchar(120)),
SAT_Products_CO001,13,[DisplayProductNumber],TRY_CAST(NULL AS nvarchar(140)),
SAT_Products_CO001,14,[InstanceRelationType],TRY_CAST(0 AS bigint),"RecId from D365FO, we do not need it for BC."
SAT_Products_CO001,15,[ItemGroup],TRY_CAST(NULL AS nvarchar(120)),
SAT_Products_CO001,16,[ItemGroupCode],TRY_CAST(NULL AS nvarchar(20)),
SAT_Products_CO001,17,[NetWeight],"TRY_CAST(NULL AS numeric(32,6))",
SAT_Products_CO001,18,[PdsBestBefore],TRY_CAST(NULL AS int),
SAT_Products_CO001,19,[PdsShelfAdvice],TRY_CAST(NULL AS int),
SAT_Products_CO001,20,[PdsShelfLife],TRY_CAST(NULL AS int),
SAT_Products_CO001,21,[PrimaryVendorId],TRY_CAST(NULL AS nvarchar(40)),
SAT_Products_CO001,22,[Product],TRY_CAST(0 AS bigint),"RecId from D365FO, we do not need it for BC."
SAT_Products_CO001,23,[ProductName],TRY_CAST(NULL AS nvarchar(120)),
SAT_Products_CO001,24,[PurchasePrice],"TRY_CAST(NULL AS numeric(32,6))",
SAT_Products_CO001,25,[PurchasePriceQty],"TRY_CAST(NULL AS numeric(32,6))",
SAT_Products_CO001,26,[SalesPrice],"TRY_CAST(NULL AS numeric(32,6))",
SAT_Products_CO001,27,[SalesPriceQty],"TRY_CAST(NULL AS numeric(32,6))",
SAT_Products_CO001,28,[TareWeight],"TRY_CAST(NULL AS numeric(32,6))",
SAT_Products_CO001,29,[ProductHashDiff],TRY_CAST(NULL AS varchar(max)),
SAT_Products_CO001,30,[LoadDate],TRY_CAST(NULL AS datetime),
SAT_Products_CO001,31,[RecordSource],TRY_CAST(NULL AS varchar(200)),
SRC_Products_CO001,1,[PlaceHolder],'',
DIM_ProcurementCategories,1,[ProcurementCategoryDimKey],sat.[ProcurementCategoryDimKey],
DIM_ProcurementCategories,2,[ProcurementCategoryId],sat.[ProcurementCategoryId],
DIM_ProcurementCategories,3,[ProcurementCategoryName],sat.[ProcurementCategoryName],
DIM_ProcurementCategories,4,[ProcurementCategoryParentId],sat.[ProcurementCategoryParentId],
DIM_ProcurementCategories,5,[PartitionCode],sat.[PartitionCode],
DIM_ProcurementCategories,6,[ProcurementCategoryHashDiff],sat.[ProcurementCategoryHashDiff],
DIM_ProcurementCategories,7,[LoadDate],sat.[VaultEffectiveFrom],
DIM_ProcurementCategories,8,[RecordSource],sat.[RecordSource],
SAT_ProcurementCategories_CO001,1,[ProcurementCategoryDimKey],TRY_CAST(NULL AS varchar(255)),
SAT_ProcurementCategories_CO001,2,[ProcurementCategoryId],TRY_CAST(0 AS bigint),"RecId from D365FO, we do not need it for BC."
SAT_ProcurementCategories_CO001,3,[ProcurementCategoryName],TRY_CAST(NULL AS nvarchar(508)),
SAT_ProcurementCategories_CO001,4,[ProcurementCategoryParentId],TRY_CAST(0 AS bigint),"RecId from D365FO, we do not need it for BC."
SAT_ProcurementCategories_CO001,5,[PartitionCode],TRY_CAST(NULL AS nvarchar(16)),
SAT_ProcurementCategories_CO001,6,[ProcurementCategoryHashDiff],TRY_CAST(NULL AS varchar(max)),
SAT_ProcurementCategories_CO001,7,[LoadDate],TRY_CAST(NULL AS datetime),
SAT_ProcurementCategories_CO001,8,[RecordSource],TRY_CAST(NULL AS varchar(200)),
SRC_ProcurementCategories_CO001,1,[PlaceHolder],'',
DIM_Partition,1,[PartitionDimKey],sat.[PartitionDimKey],
DIM_Partition,2,[PartitionId],sat.[PartitionId],
DIM_Partition,3,[PartitionCode],sat.[PartitionCode],
DIM_Partition,4,[PartitionName],sat.[PartitionName],
DIM_Partition,5,[PartitionHashDiff],sat.[PartitionHashDiff],
DIM_Partition,6,[LoadDate],sat.[VaultEffectiveFrom],
DIM_Partition,7,[RecordSource],sat.[RecordSource],
SAT_Partition_CO001,1,[PartitionDimKey],TRY_CAST(NULL AS varchar(255)),
SAT_Partition_CO001,2,[PartitionId],TRY_CAST(0 AS bigint),"RecId from D365FO, we do not need it for BC."
SAT_Partition_CO001,3,[PartitionCode],TRY_CAST(NULL AS nvarchar(16)),
SAT_Partition_CO001,4,[PartitionName],TRY_CAST(NULL AS nvarchar(162)),
SAT_Partition_CO001,5,[PartitionHashDiff],TRY_CAST(NULL AS varchar(max)),
SAT_Partition_CO001,6,[LoadDate],TRY_CAST(NULL AS datetime),
SAT_Partition_CO001,7,[RecordSource],TRY_CAST(NULL AS varchar(200)),
SRC_Partition_CO001,1,[PlaceHolder],'',
DIM_MainAccountCategories,1,[MainAccountCategoryDimKey],sat.[MainAccountCategoryDimKey],
DIM_MainAccountCategories,2,[MainAccounCategorytId],sat.[MainAccounCategorytId],
DIM_MainAccountCategories,3,[MainAccountCategoryCode],sat.[MainAccountCategoryCode],
DIM_MainAccountCategories,4,[MainAccountCategoryName],sat.[MainAccountCategoryName],
DIM_MainAccountCategories,5,[MainAccountCategoryHashDiff],sat.[MainAccountCategoryHashDiff],
DIM_MainAccountCategories,6,[LoadDate],sat.[VaultEffectiveFrom],
DIM_MainAccountCategories,7,[RecordSource],sat.[RecordSource],
SAT_MainAccountCategories_CO001,1,[MainAccountCategoryDimKey],TRY_CAST(NULL AS varchar(255)),
SAT_MainAccountCategories_CO001,2,[MainAccounCategorytId],TRY_CAST(0 AS bigint),"RecId from D365FO, we do not need it for BC."
SAT_MainAccountCategories_CO001,3,[MainAccountCategoryCode],TRY_CAST(NULL AS nvarchar(40)),
SAT_MainAccountCategories_CO001,4,[MainAccountCategoryName],TRY_CAST(NULL AS nvarchar(255)),
SAT_MainAccountCategories_CO001,5,[MainAccountCategoryHashDiff],TRY_CAST(NULL AS varchar(max)),
SAT_MainAccountCategories_CO001,6,[LoadDate],TRY_CAST(NULL AS datetime),
SAT_MainAccountCategories_CO001,7,[RecordSource],TRY_CAST(NULL AS varchar(200)),
SRC_MainAccountCategories_CO001,1,[PlaceHolder],'',
DIM_MainAccounts,1,[MainAccountDimKey],sat.[MainAccountDimKey],
DIM_MainAccounts,2,[MainAccountId],sat.[MainAccountId],
DIM_MainAccounts,3,[ChartOfAccounts],sat.[ChartOfAccounts],
DIM_MainAccounts,4,[ChartOfAccountsName],sat.[ChartOfAccountsName],
DIM_MainAccounts,5,[MainAccount],sat.[MainAccount],
DIM_MainAccounts,6,[MainAccountCategoryRef],sat.[MainAccountCategoryRef],
DIM_MainAccounts,7,[MainAccountCurrencyCode],sat.[MainAccountCurrencyCode],
DIM_MainAccounts,8,[MainAccountName],sat.[MainAccountName],
DIM_MainAccounts,9,[MainAccountType],sat.[MainAccountType],
DIM_MainAccounts,10,[ManualEntry],sat.[ManualEntry],
DIM_MainAccounts,11,[MainAccountHashDiff],sat.[MainAccountHashDiff],
DIM_MainAccounts,12,[LoadDate],sat.[VaultEffectiveFrom],
DIM_MainAccounts,13,[RecordSource],sat.[RecordSource],
SAT_MainAccounts_CO001,1,[MainAccountDimKey],TRY_CAST(NULL AS varchar(255)),
SAT_MainAccounts_CO001,2,[MainAccountId],TRY_CAST(0 AS bigint),"RecId from D365FO, we do not need it for BC."
SAT_MainAccounts_CO001,3,[ChartOfAccounts],TRY_CAST(NULL AS nvarchar(120)),
SAT_MainAccounts_CO001,4,[ChartOfAccountsName],TRY_CAST(NULL AS nvarchar(120)),
SAT_MainAccounts_CO001,5,[MainAccount],TRY_CAST(NULL AS nvarchar(40)),
SAT_MainAccounts_CO001,6,[MainAccountCategoryRef],TRY_CAST(NULL AS nvarchar(40)),
SAT_MainAccounts_CO001,7,[MainAccountCurrencyCode],TRY_CAST(NULL AS nvarchar(6)),
SAT_MainAccounts_CO001,8,[MainAccountName],TRY_CAST(NULL AS nvarchar(120)),
SAT_MainAccounts_CO001,9,[MainAccountType],TRY_CAST(NULL AS nvarchar(40)),
SAT_MainAccounts_CO001,10,[ManualEntry],TRY_CAST(NULL AS int),
SAT_MainAccounts_CO001,11,[MainAccountHashDiff],TRY_CAST(NULL AS varchar(max)),
SAT_MainAccounts_CO001,12,[LoadDate],TRY_CAST(NULL AS datetime),
SAT_MainAccounts_CO001,13,[RecordSource],TRY_CAST(NULL AS varchar(200)),
SRC_MainAccounts_CO001,1,[PlaceHolder],'',
DIM_LedgerDimensions,1,[LedgerDimensionDimKey],sat.[LedgerDimensionDimKey],
DIM_LedgerDimensions,2,[LedgerDimensionId],sat.[LedgerDimensionId],
DIM_LedgerDimensions,3,[LedgerDimensionName],sat.[LedgerDimensionName],
DIM_LedgerDimensions,4,[LedgerDimensionValue],sat.[LedgerDimensionValue],
DIM_LedgerDimensions,5,[LedgerDimensionDescription],sat.[LedgerDimensionDescription],
DIM_LedgerDimensions,6,[LedgerDimensionHashDiff],sat.[LedgerDimensionHashDiff],
DIM_LedgerDimensions,7,[LoadDate],sat.[VaultEffectiveFrom],
DIM_LedgerDimensions,8,[RecordSource],sat.[RecordSource],
SAT_LedgerDimensions_CO001,1,[LedgerDimensionDimKey],TRY_CAST(NULL AS varchar(255)),
SAT_LedgerDimensions_CO001,2,[LedgerDimensionId],TRY_CAST(0 AS bigint),"RecId from D365FO, we do not need it for BC."
SAT_LedgerDimensions_CO001,3,[LedgerDimensionName],TRY_CAST(NULL AS nvarchar(255)),
SAT_LedgerDimensions_CO001,4,[LedgerDimensionValue],TRY_CAST(NULL AS nvarchar(100)),
SAT_LedgerDimensions_CO001,5,[LedgerDimensionDescription],TRY_CAST(NULL AS nvarchar(255)),
SAT_LedgerDimensions_CO001,6,[LedgerDimensionHashDiff],TRY_CAST(NULL AS varchar(max)),
SAT_LedgerDimensions_CO001,7,[LoadDate],TRY_CAST(NULL AS datetime),
SAT_LedgerDimensions_CO001,8,[RecordSource],TRY_CAST(NULL AS varchar(200)),
SRC_LedgerDimensions_CO001,1,[PlaceHolder],'',
DIM_Ledger,1,[LedgerDimKey],sat.[LedgerDimKey],
DIM_Ledger,2,[LedgerId],sat.[LedgerId],
DIM_Ledger,3,[LedgerName],sat.[LedgerName],
DIM_Ledger,4,[LedgerDescription],sat.[LedgerDescription],
DIM_Ledger,5,[ChartOfAccounts],sat.[ChartOfAccounts],
DIM_Ledger,6,[FiscalCalendar],sat.[FiscalCalendar],
DIM_Ledger,7,[FiscalCalendarId],sat.[FiscalCalendarId],
DIM_Ledger,8,[ReportingCurrency],sat.[ReportingCurrency],
DIM_Ledger,9,[LedgerHashDiff],sat.[LedgerHashDiff],
DIM_Ledger,10,[LoadDate],sat.[VaultEffectiveFrom],
DIM_Ledger,11,[RecordSource],sat.[RecordSource],
SAT_Ledger_CO001,1,[LedgerDimKey],TRY_CAST(NULL AS varchar(255)),
SAT_Ledger_CO001,2,[LedgerId],TRY_CAST(0 AS bigint),"RecId from D365FO, we do not need it for BC."
SAT_Ledger_CO001,3,[LedgerName],TRY_CAST(NULL AS nvarchar(40)),
SAT_Ledger_CO001,4,[LedgerDescription],TRY_CAST(NULL AS nvarchar(120)),
SAT_Ledger_CO001,5,[ChartOfAccounts],TRY_CAST(NULL AS nvarchar(120)),
SAT_Ledger_CO001,6,[FiscalCalendar],TRY_CAST(NULL AS nvarchar(120)),
SAT_Ledger_CO001,7,[FiscalCalendarId],TRY_CAST(NULL AS nvarchar(20)),
SAT_Ledger_CO001,8,[ReportingCurrency],TRY_CAST(NULL AS nvarchar(6)),
SAT_Ledger_CO001,9,[LedgerHashDiff],TRY_CAST(NULL AS varchar(max)),
SAT_Ledger_CO001,10,[LoadDate],TRY_CAST(NULL AS datetime),
SAT_Ledger_CO001,11,[RecordSource],TRY_CAST(NULL AS varchar(200)),
SRC_Ledger_CO001,1,[PlaceHolder],'',
DIM_Inventory,1,[InventoryDimKey],sat.[InventoryDimKey],
DIM_Inventory,2,[InventoryDimensionKey],sat.[InventoryDimensionKey],
DIM_Inventory,3,[AisleID],sat.[AisleID],
DIM_Inventory,4,[AisleName],sat.[AisleName],
DIM_Inventory,5,[AisleNumber],sat.[AisleNumber],
DIM_Inventory,6,[ColorCode],sat.[ColorCode],
DIM_Inventory,7,[CompanyCode],sat.[CompanyCode],
DIM_Inventory,8,[ConfigurationCode],sat.[ConfigurationCode],
DIM_Inventory,9,[InventoryDimensionId],sat.[InventoryDimensionId],
DIM_Inventory,10,[InventorySite],sat.[InventorySite],
DIM_Inventory,11,[InventorySiteCode],sat.[InventorySiteCode],
DIM_Inventory,12,[LocationCode],sat.[LocationCode],
DIM_Inventory,13,[LocationProfileID],sat.[LocationProfileID],
DIM_Inventory,14,[LocationProfileName],sat.[LocationProfileName],
DIM_Inventory,15,[SizeId],sat.[SizeId],
DIM_Inventory,16,[StyleId],sat.[StyleId],
DIM_Inventory,17,[Warehouse],sat.[Warehouse],
DIM_Inventory,18,[WarehouseCode],sat.[WarehouseCode],
DIM_Inventory,19,[ZoneGroupID],sat.[ZoneGroupID],
DIM_Inventory,20,[ZoneGroupName],sat.[ZoneGroupName],
DIM_Inventory,21,[ZoneID],sat.[ZoneID],
DIM_Inventory,22,[ZoneName],sat.[ZoneName],
DIM_Inventory,23,[InventoryDimensionHashDiff],sat.[InventoryDimensionHashDiff],
DIM_Inventory,24,[LoadDate],sat.[VaultEffectiveFrom],
DIM_Inventory,25,[RecordSource],sat.[RecordSource],
SAT_Inventory_CO001,1,[InventoryDimKey],TRY_CAST(NULL AS varchar(255)),
SAT_Inventory_CO001,2,[InventoryDimensionKey],TRY_CAST(0 AS bigint),"RecId from D365FO, we do not need it for BC."
SAT_Inventory_CO001,3,[AisleID],TRY_CAST(NULL AS nvarchar(20)),
SAT_Inventory_CO001,4,[AisleName],TRY_CAST(NULL AS nvarchar(120)),
SAT_Inventory_CO001,5,[AisleNumber],TRY_CAST(NULL AS int),
SAT_Inventory_CO001,6,[ColorCode],TRY_CAST(NULL AS nvarchar(20)),
SAT_Inventory_CO001,7,[CompanyCode],TRY_CAST(NULL AS nvarchar(8)),
SAT_Inventory_CO001,8,[ConfigurationCode],TRY_CAST(NULL AS nvarchar(100)),
SAT_Inventory_CO001,9,[InventoryDimensionId],TRY_CAST(NULL AS nvarchar(40)),
SAT_Inventory_CO001,10,[InventorySite],TRY_CAST(NULL AS nvarchar(120)),
SAT_Inventory_CO001,11,[InventorySiteCode],TRY_CAST(NULL AS nvarchar(20)),
SAT_Inventory_CO001,12,[LocationCode],TRY_CAST(NULL AS nvarchar(20)),
SAT_Inventory_CO001,13,[LocationProfileID],TRY_CAST(NULL AS nvarchar(40)),
SAT_Inventory_CO001,14,[LocationProfileName],TRY_CAST(NULL AS nvarchar(120)),
SAT_Inventory_CO001,15,[SizeId],TRY_CAST(NULL AS nvarchar(20)),
SAT_Inventory_CO001,16,[StyleId],TRY_CAST(NULL AS nvarchar(20)),
SAT_Inventory_CO001,17,[Warehouse],TRY_CAST(NULL AS nvarchar(120)),
SAT_Inventory_CO001,18,[WarehouseCode],TRY_CAST(NULL AS nvarchar(20)),
SAT_Inventory_CO001,19,[ZoneGroupID],TRY_CAST(NULL AS nvarchar(40)),
SAT_Inventory_CO001,20,[ZoneGroupName],TRY_CAST(NULL AS nvarchar(120)),
SAT_Inventory_CO001,21,[ZoneID],TRY_CAST(NULL AS nvarchar(40)),
SAT_Inventory_CO001,22,[ZoneName],TRY_CAST(NULL AS nvarchar(120)),
SAT_Inventory_CO001,23,[InventoryDimensionHashDiff],TRY_CAST(NULL AS varchar(max)),
SAT_Inventory_CO001,24,[LoadDate],TRY_CAST(NULL AS datetime),
SAT_Inventory_CO001,25,[RecordSource],TRY_CAST(NULL AS varchar(200)),
SRC_Inventory_CO001,1,[PlaceHolder],'',
DIM_FiscalCalendar,1,[FiscalCalendarDimKey],sat.[FiscalCalendarDimKey],
DIM_FiscalCalendar,2,[FiscalCalendarPeriodId],sat.[FiscalCalendarPeriodId],
DIM_FiscalCalendar,3,[FiscalCalendarDescription],sat.[FiscalCalendarDescription],
DIM_FiscalCalendar,4,[FiscalCalendarStartDate],sat.[FiscalCalendarStartDate],
DIM_FiscalCalendar,5,[FiscalCalendarEndDate],sat.[FiscalCalendarEndDate],
DIM_FiscalCalendar,6,[FiscalCalendarPeriodName],sat.[FiscalCalendarPeriodName],
DIM_FiscalCalendar,7,[FiscalCalendarPeriodSequence],sat.[FiscalCalendarPeriodSequence],
DIM_FiscalCalendar,8,[FiscalCalendarPeriodMonth],sat.[FiscalCalendarPeriodMonth],
DIM_FiscalCalendar,9,[FiscalCalendarPeriodQuarter],sat.[FiscalCalendarPeriodQuarter],
DIM_FiscalCalendar,10,[FiscalCalendarQuarterSequence],sat.[FiscalCalendarQuarterSequence],
DIM_FiscalCalendar,11,[FiscalCalendarPeriodShortName],sat.[FiscalCalendarPeriodShortName],
DIM_FiscalCalendar,12,[FiscalCalendarPeriodType],sat.[FiscalCalendarPeriodType],
DIM_FiscalCalendar,13,[FiscalCalendarYearName],sat.[FiscalCalendarYearName],
DIM_FiscalCalendar,14,[FiscalCalendarYearSequence],sat.[FiscalCalendarYearSequence],
DIM_FiscalCalendar,15,[FiscalCalendarHashDiff],sat.[FiscalCalendarHashDiff],
DIM_FiscalCalendar,16,[LoadDate],sat.[VaultEffectiveFrom],
DIM_FiscalCalendar,17,[RecordSource],sat.[RecordSource],
SAT_FiscalCalendar_CO001,1,[FiscalCalendarDimKey],TRY_CAST(NULL AS varchar(255)),
SAT_FiscalCalendar_CO001,2,[FiscalCalendarPeriodId],TRY_CAST(0 AS bigint),"RecId from D365FO, we do not need it for BC."
SAT_FiscalCalendar_CO001,3,[FiscalCalendarDescription],TRY_CAST(NULL AS nvarchar(120)),
SAT_FiscalCalendar_CO001,4,[FiscalCalendarStartDate],TRY_CAST(NULL AS datetime),
SAT_FiscalCalendar_CO001,5,[FiscalCalendarEndDate],TRY_CAST(NULL AS datetime),
SAT_FiscalCalendar_CO001,6,[FiscalCalendarPeriodName],TRY_CAST(NULL AS nvarchar(120)),
SAT_FiscalCalendar_CO001,7,[FiscalCalendarPeriodSequence],TRY_CAST(NULL AS Int),
SAT_FiscalCalendar_CO001,8,[FiscalCalendarPeriodMonth],TRY_CAST(NULL AS int),
SAT_FiscalCalendar_CO001,9,[FiscalCalendarPeriodQuarter],TRY_CAST(NULL AS int),
SAT_FiscalCalendar_CO001,10,[FiscalCalendarQuarterSequence],TRY_CAST(NULL AS Int),
SAT_FiscalCalendar_CO001,11,[FiscalCalendarPeriodShortName],TRY_CAST(NULL AS nvarchar(16)),
SAT_FiscalCalendar_CO001,12,[FiscalCalendarPeriodType],TRY_CAST(NULL AS nvarchar(20)),
SAT_FiscalCalendar_CO001,13,[FiscalCalendarYearName],TRY_CAST(NULL AS nvarchar(20)),
SAT_FiscalCalendar_CO001,14,[FiscalCalendarYearSequence],TRY_CAST(NULL AS int),
SAT_FiscalCalendar_CO001,15,[FiscalCalendarHashDiff],TRY_CAST(NULL AS varchar(max)),
SAT_FiscalCalendar_CO001,16,[LoadDate],TRY_CAST(NULL AS datetime),
SAT_FiscalCalendar_CO001,17,[RecordSource],TRY_CAST(NULL AS varchar(200)),
SRC_FiscalCalendar_CO001,1,[PlaceHolder],'',
DIM_BudgetModels,1,[BudgetModelDimKey],sat.[BudgetModelDimKey],
DIM_BudgetModels,2,[BudgetModelId],sat.[BudgetModelId],
DIM_BudgetModels,3,[BudgetModel],sat.[BudgetModel],
DIM_BudgetModels,4,[BudgetModelBlocked],sat.[BudgetModelBlocked],
DIM_BudgetModels,5,[BudgetModelName],sat.[BudgetModelName],
DIM_BudgetModels,6,[BudgetModelType],sat.[BudgetModelType],
DIM_BudgetModels,7,[BudgetSubModel],sat.[BudgetSubModel],
DIM_BudgetModels,8,[CompanyCode],sat.[CompanyCode],
DIM_BudgetModels,9,[BudgetModelHashDiff],sat.[BudgetModelHashDiff],
DIM_BudgetModels,10,[LoadDate],sat.[VaultEffectiveFrom],
DIM_BudgetModels,11,[RecordSource],sat.[RecordSource],
SAT_BudgetModels_CO001,1,[BudgetModelDimKey],TRY_CAST(NULL AS varchar(255)),
SAT_BudgetModels_CO001,2,[BudgetModelId],TRY_CAST(0 AS bigint),"RecId from D365FO, we do not need it for BC."
SAT_BudgetModels_CO001,3,[BudgetModel],TRY_CAST(NULL AS nvarchar(20)),
SAT_BudgetModels_CO001,4,[BudgetModelBlocked],TRY_CAST(NULL AS int),
SAT_BudgetModels_CO001,5,[BudgetModelName],TRY_CAST(NULL AS nvarchar(255)),
SAT_BudgetModels_CO001,6,[BudgetModelType],TRY_CAST(NULL AS int),
SAT_BudgetModels_CO001,7,[BudgetSubModel],TRY_CAST(NULL AS nvarchar(20)),
SAT_BudgetModels_CO001,8,[CompanyCode],TRY_CAST(NULL AS nvarchar(8)),
SAT_BudgetModels_CO001,9,[BudgetModelHashDiff],TRY_CAST(NULL AS varchar(max)),
SAT_BudgetModels_CO001,10,[LoadDate],TRY_CAST(NULL AS datetime),
SAT_BudgetModels_CO001,11,[RecordSource],TRY_CAST(NULL AS varchar(200)),
SRC_BudgetModels_CO001,1,[PlaceHolder],'',
DIM_Currencies,1,[CurrencyDimKey],sat.[CurrencyDimKey],
DIM_Currencies,2,[CurrencyId],sat.[CurrencyId],
DIM_Currencies,3,[CurrencyCode],sat.[CurrencyCode],
DIM_Currencies,4,[CurrencyName],sat.[CurrencyName],
DIM_Currencies,5,[CurrencyHashDiff],sat.[CurrencyHashDiff],
DIM_Currencies,6,[LoadDate],sat.[VaultEffectiveFrom],
DIM_Currencies,7,[RecordSource],sat.[RecordSource],
SAT_Currencies_CO001,1,[CurrencyDimKey],TRY_CAST([HashKey] AS varchar(255)),
SAT_Currencies_CO001,2,[CurrencyId],TRY_CAST(0 AS bigint),"RecId from D365FO, we do not need it for BC."
SAT_Currencies_CO001,3,[CurrencyCode],TRY_CAST([Code] AS nvarchar(6)),
SAT_Currencies_CO001,4,[CurrencyName],TRY_CAST([Description] AS nvarchar(120)),
SAT_Currencies_CO001,5,[CurrencyHashDiff],TRY_CAST(NULL AS varchar(max)),
SAT_Currencies_CO001,6,[LoadDate],TRY_CAST(NULL AS datetime),
SAT_Currencies_CO001,7,[RecordSource],TRY_CAST([RecordSource] AS varchar(200)),
SRC_Currencies_CO001,1,[Code],[Code],
SRC_Currencies_CO001,2,[Description],[Description],
SRC_Currencies_CO001,3,[ISO_Code],[ISO_Code],
SRC_Currencies_CO001,4,[ISO_Numeric_Code],[ISO_Numeric_Code],
SRC_Currencies_CO001,5,[ExchangeRateDate],[ExchangeRateDate],
SRC_Currencies_CO001,6,[ExchangeRateAmt],[ExchangeRateAmt],
SRC_Currencies_CO001,7,[EMU_Currency],[EMU_Currency],
SRC_Currencies_CO001,8,[Realized_Gains_Acc],[Realized_Gains_Acc],
SRC_Currencies_CO001,9,[Realized_Losses_Acc],[Realized_Losses_Acc],
SRC_Currencies_CO001,10,[Unrealized_Gains_Acc],[Unrealized_Gains_Acc],
SRC_Currencies_CO001,11,[Unrealized_Losses_Acc],[Unrealized_Losses_Acc],
SRC_Currencies_CO001,12,[Realized_G_L_Gains_Account],[Realized_G_L_Gains_Account],
SRC_Currencies_CO001,13,[Realized_G_L_Losses_Account],[Realized_G_L_Losses_Account],
SRC_Currencies_CO001,14,[Residual_Gains_Account],[Residual_Gains_Account],
SRC_Currencies_CO001,15,[Residual_Losses_Account],[Residual_Losses_Account],
SRC_Currencies_CO001,16,[Amount_Rounding_Precision],[Amount_Rounding_Precision],
SRC_Currencies_CO001,17,[Amount_Decimal_Places],[Amount_Decimal_Places],
SRC_Currencies_CO001,18,[Invoice_Rounding_Precision],[Invoice_Rounding_Precision],
SRC_Currencies_CO001,19,[Invoice_Rounding_Type],[Invoice_Rounding_Type],
SRC_Currencies_CO001,20,[Unit_Amount_Rounding_Precision],[Unit_Amount_Rounding_Precision],
SRC_Currencies_CO001,21,[Unit_Amount_Decimal_Places],[Unit_Amount_Decimal_Places],
SRC_Currencies_CO001,22,[Appln_Rounding_Precision],[Appln_Rounding_Precision],
SRC_Currencies_CO001,23,[Conv_LCY_Rndg_Debit_Acc],[Conv_LCY_Rndg_Debit_Acc],
SRC_Currencies_CO001,24,[Conv_LCY_Rndg_Credit_Acc],[Conv_LCY_Rndg_Credit_Acc],
SRC_Currencies_CO001,25,[Max_VAT_Difference_Allowed],[Max_VAT_Difference_Allowed],
SRC_Currencies_CO001,26,[VAT_Rounding_Type],[VAT_Rounding_Type],
SRC_Currencies_CO001,27,[Last_Date_Adjusted],[Last_Date_Adjusted],
SRC_Currencies_CO001,28,[Last_Date_Modified],[Last_Date_Modified],
SRC_Currencies_CO001,29,[Payment_Tolerance_Percent],[Payment_Tolerance_Percent],
SRC_Currencies_CO001,30,[Max_Payment_Tolerance_Amount],[Max_Payment_Tolerance_Amount],
SRC_Currencies_CO001,31,[CurrencyFactor],[CurrencyFactor],
SRC_Currencies_CO001,32,[Coupled_to_CRM],[Coupled_to_CRM],
SRC_Currencies_CO001,33,[Coupled_to_Dataverse],[Coupled_to_Dataverse],
SRC_Currencies_CO001,997,[CompanyId],'CO001',Hard coded - needs to be changed onsite.
SRC_Currencies_CO001,998,[RecordSource],'Business Central - CO001',Hard coded - needs to be changed onsite.
SRC_Currencies_CO001,999,[HashKey],"CONVERT(VARCHAR(32),HashBytes('MD5', CONCAT('Business Central','CO001',[Code])),2)",Hard coded - needs to be changed onsite.
DIM_Companies,1,[CompanyDimKey],sat.[CompanyDimKey],
DIM_Companies,2,[CompanyID],sat.[CompanyID],
DIM_Companies,3,[CompanyCode],sat.[CompanyCode],
DIM_Companies,4,[CompanyName],sat.[CompanyName],
DIM_Companies,5,[CompanyHashDiff],sat.[CompanyHashDiff],
DIM_Companies,6,[LoadDate],sat.[VaultEffectiveFrom],
DIM_Companies,7,[RecordSource],sat.[RecordSource],
SAT_Companies_CO001,1,[CompanyDimKey],TRY_CAST([HashKey] AS varchar(255)),
SAT_Companies_CO001,2,[CompanyID],TRY_CAST(0 AS bigint),"RecId from D365FO, we do not need it for BC."
SAT_Companies_CO001,3,[CompanyCode],TRY_CAST([CompanyId] AS nvarchar(8)),
SAT_Companies_CO001,4,[CompanyName],TRY_CAST([Name] AS nvarchar(255)),
SAT_Companies_CO001,5,[CompanyHashDiff],TRY_CAST(NULL AS varchar(max)),
SAT_Companies_CO001,6,[LoadDate],TRY_CAST(NULL AS datetime),
SAT_Companies_CO001,7,[RecordSource],TRY_CAST([RecordSource] AS varchar(200)),
SRC_Companies_CO001,1,[Primary_Key],[Primary_Key],
SRC_Companies_CO001,2,[LookupAddress],[LookupAddress],
SRC_Companies_CO001,3,[Name],[Name],
SRC_Companies_CO001,4,[Address],[Address],
SRC_Companies_CO001,5,[Address_2],[Address_2],
SRC_Companies_CO001,6,[City],[City],
SRC_Companies_CO001,7,[County],[County],
SRC_Companies_CO001,8,[Post_Code],[Post_Code],
SRC_Companies_CO001,9,[Country_Region_Code],[Country_Region_Code],
SRC_Companies_CO001,10,[Contact_Person],[Contact_Person],
SRC_Companies_CO001,11,[Phone_No],[Phone_No],
SRC_Companies_CO001,12,[VAT_Registration_No],[VAT_Registration_No],
SRC_Companies_CO001,13,[Suppl_VAT_Registration_No],[Suppl_VAT_Registration_No],
SRC_Companies_CO001,14,[GLN],[GLN],
SRC_Companies_CO001,15,[Use_GLN_in_Electronic_Document],[Use_GLN_in_Electronic_Document],
SRC_Companies_CO001,16,[EORI_Number],[EORI_Number],
SRC_Companies_CO001,17,[Industrial_Classification],[Industrial_Classification],
SRC_Companies_CO001,18,[Phone_No_2],[Phone_No_2],
SRC_Companies_CO001,19,[Fax_No],[Fax_No],
SRC_Companies_CO001,20,[E_Mail],[E_Mail],
SRC_Companies_CO001,21,[Home_Page],[Home_Page],
SRC_Companies_CO001,22,[Allow_Blank_Payment_Info],[Allow_Blank_Payment_Info],
SRC_Companies_CO001,23,[Bank_Name],[Bank_Name],
SRC_Companies_CO001,24,[Bank_Branch_No],[Bank_Branch_No],
SRC_Companies_CO001,25,[Bank_Account_No],[Bank_Account_No],
SRC_Companies_CO001,26,[Payment_Routing_No],[Payment_Routing_No],
SRC_Companies_CO001,27,[Giro_No],[Giro_No],
SRC_Companies_CO001,28,[SWIFT_Code],[SWIFT_Code],
SRC_Companies_CO001,29,[IBAN],[IBAN],
SRC_Companies_CO001,30,[BankAccountPostingGroup],[BankAccountPostingGroup],
SRC_Companies_CO001,31,[ShipToLookupAddress],[ShipToLookupAddress],
SRC_Companies_CO001,32,[Ship_to_Name],[Ship_to_Name],
SRC_Companies_CO001,33,[Ship_to_Address],[Ship_to_Address],
SRC_Companies_CO001,34,[Ship_to_Address_2],[Ship_to_Address_2],
SRC_Companies_CO001,35,[Ship_to_City],[Ship_to_City],
SRC_Companies_CO001,36,[Ship_to_County],[Ship_to_County],
SRC_Companies_CO001,37,[Ship_to_Post_Code],[Ship_to_Post_Code],
SRC_Companies_CO001,38,[Ship_to_Country_Region_Code],[Ship_to_Country_Region_Code],
SRC_Companies_CO001,39,[Ship_to_Contact],[Ship_to_Contact],
SRC_Companies_CO001,40,[Location_Code],[Location_Code],
SRC_Companies_CO001,41,[Responsibility_Center],[Responsibility_Center],
SRC_Companies_CO001,42,[Check_Avail_Period_Calc],[Check_Avail_Period_Calc],
SRC_Companies_CO001,43,[Check_Avail_Time_Bucket],[Check_Avail_Time_Bucket],
SRC_Companies_CO001,44,[Base_Calendar_Code],[Base_Calendar_Code],
SRC_Companies_CO001,45,[Customized_Calendar],[Customized_Calendar],
SRC_Companies_CO001,46,[Cal_Convergence_Time_Frame],[Cal_Convergence_Time_Frame],
SRC_Companies_CO001,47,[Registration_No],[Registration_No],
SRC_Companies_CO001,48,[Registered_Name],[Registered_Name],
SRC_Companies_CO001,49,[Registered_Address],[Registered_Address],
SRC_Companies_CO001,50,[Registered_Address_2],[Registered_Address_2],
SRC_Companies_CO001,51,[Registered_City],[Registered_City],
SRC_Companies_CO001,52,[Registered_County],[Registered_County],
SRC_Companies_CO001,53,[Registered_Post_Code],[Registered_Post_Code],
SRC_Companies_CO001,54,[Branch_Number],[Branch_Number],
SRC_Companies_CO001,55,[Contact_Name],[Contact_Name],
SRC_Companies_CO001,56,[Company_Badge],[Company_Badge],
SRC_Companies_CO001,57,[System_Indicator_Style],[System_Indicator_Style],
SRC_Companies_CO001,58,[System_Indicator_Text],[System_Indicator_Text],
SRC_Companies_CO001,59,[Experience],[Experience],
SRC_Companies_CO001,997,[CompanyId],'CO001',Hard coded - needs to be changed onsite.
SRC_Companies_CO001,998,[RecordSource],'Business Central - CO001',Hard coded - needs to be changed onsite.
SRC_Companies_CO001,999,[HashKey],"CONVERT(VARCHAR(32),HashBytes('MD5', CONCAT('Business Central','CO001',[Name])),2)",Hard coded - needs to be changed onsite.
DIM_Customers,1,[CustomerDimKey],sat.[CustomerDimKey],
DIM_Customers,2,[CustomerId],sat.[CustomerId],
DIM_Customers,3,[ABCCode],sat.[ABCCode],
DIM_Customers,4,[CustomerAddress],sat.[CustomerAddress],
DIM_Customers,5,[CustomerCity],sat.[CustomerCity],
DIM_Customers,6,[CustomerClassificationGroup],sat.[CustomerClassificationGroup],
DIM_Customers,7,[CustomerClassificationGroupCode],sat.[CustomerClassificationGroupCode],
DIM_Customers,8,[CustomerCode],sat.[CustomerCode],
DIM_Customers,9,[CustomerCompanyCode],sat.[CustomerCompanyCode],
DIM_Customers,10,[CustomerCountryOrRegion],sat.[CustomerCountryOrRegion],
DIM_Customers,11,[CustomerCreditLimit],sat.[CustomerCreditLimit],
DIM_Customers,12,[CustomerCreditRating],sat.[CustomerCreditRating],
DIM_Customers,13,[CustomerDeliveryTerms],sat.[CustomerDeliveryTerms],
DIM_Customers,14,[CustomerDeliveryTermsCode],sat.[CustomerDeliveryTermsCode],
DIM_Customers,15,[CustomerGroup],sat.[CustomerGroup],
DIM_Customers,16,[CustomerGroupCode],sat.[CustomerGroupCode],
DIM_Customers,17,[CustomerLineOfBusiness],sat.[CustomerLineOfBusiness],
DIM_Customers,18,[CustomerLineOfBusinessCode],sat.[CustomerLineOfBusinessCode],
DIM_Customers,19,[CustomerMethodOfPayment],sat.[CustomerMethodOfPayment],
DIM_Customers,20,[CustomerMethodOfPaymentCode],sat.[CustomerMethodOfPaymentCode],
DIM_Customers,21,[CustomerModeOfDelivery],sat.[CustomerModeOfDelivery],
DIM_Customers,22,[CustomerModeOfDeliveryCode],sat.[CustomerModeOfDeliveryCode],
DIM_Customers,23,[CustomerName],sat.[CustomerName],
DIM_Customers,24,[CustomerPartyID],sat.[CustomerPartyID],
DIM_Customers,25,[CustomerPaymentTerm],sat.[CustomerPaymentTerm],
DIM_Customers,26,[CustomerPaymentTermsCode],sat.[CustomerPaymentTermsCode],
DIM_Customers,27,[CustomerPostCode],sat.[CustomerPostCode],
DIM_Customers,28,[CustomerPriceGroup],sat.[CustomerPriceGroup],
DIM_Customers,29,[CustomerPriceGroupCode],sat.[CustomerPriceGroupCode],
DIM_Customers,30,[CustomerSalesDistrict],sat.[CustomerSalesDistrict],
DIM_Customers,31,[CustomerSalesDistrictCode],sat.[CustomerSalesDistrictCode],
DIM_Customers,32,[CustomerSalesGroup],sat.[CustomerSalesGroup],
DIM_Customers,33,[CustomerSalesGroupCode],sat.[CustomerSalesGroupCode],
DIM_Customers,34,[CustomerSalesPool],sat.[CustomerSalesPool],
DIM_Customers,35,[CustomerSalesPoolCode],sat.[CustomerSalesPoolCode],
DIM_Customers,36,[CustomerSegment],sat.[CustomerSegment],
DIM_Customers,37,[CustomerSegmentCode],sat.[CustomerSegmentCode],
DIM_Customers,38,[CustomerState],sat.[CustomerState],
DIM_Customers,39,[CustomerStatisticsGroup],sat.[CustomerStatisticsGroup],
DIM_Customers,40,[CustomerStatisticsGroupCode],sat.[CustomerStatisticsGroupCode],
DIM_Customers,41,[CustomerSubsegment],sat.[CustomerSubsegment],
DIM_Customers,42,[CustomerSubsegmentCode],sat.[CustomerSubsegmentCode],
DIM_Customers,43,[CustomerHashDiff],sat.[CustomerHashDiff],
DIM_Customers,44,[LoadDate],sat.[VaultEffectiveFrom],
DIM_Customers,45,[RecordSource],sat.[RecordSource],
SAT_Customers_CO001,1,[CustomerDimKey],TRY_CAST([HashKey] AS varchar(255)),
SAT_Customers_CO001,2,[CustomerId],TRY_CAST(0 AS bigint),"RecId from D365FO, we do not need it for BC."
SAT_Customers_CO001,3,[ABCCode],TRY_CAST(NULL AS int),Cannot find this concept in BC.
SAT_Customers_CO001,4,[CustomerAddress],"TRY_CAST(CONCAT([Address], 
	(CASE WHEN COALESCE([Address_2],'') = '' THEN '' ELSE ', ' + [Address_2] END), 
	(CASE WHEN COALESCE([City],'') = '' THEN '' ELSE ', ' + [City] END),
	(CASE WHEN COALESCE([County],'') = '' THEN '' ELSE ', ' + [County] END),
	(CASE WHEN COALESCE([Post_Code],'') = '' THEN '' ELSE ', ' + [Post_Code] END)
	)  AS nvarchar(500))","We are not include country code in the address, shoould we?"
SAT_Customers_CO001,5,[CustomerCity],TRY_CAST([City] AS nvarchar(120)),
SAT_Customers_CO001,6,[CustomerClassificationGroup],TRY_CAST([CustomerPostingGroupDescription] AS nvarchar(120)),Assumption is being made here that the customer posting group is equivalent to the reporting classification. We may need to swap this with the CustomerGroup.
SAT_Customers_CO001,7,[CustomerClassificationGroupCode],TRY_CAST([Customer_Posting_Group] AS nvarchar(20)),
SAT_Customers_CO001,8,[CustomerCode],TRY_CAST([No] AS nvarchar(40)),
SAT_Customers_CO001,9,[CustomerCompanyCode],TRY_CAST([CompanyId] AS nvarchar(8)),
SAT_Customers_CO001,10,[CustomerCountryOrRegion],TRY_CAST([Country_Region_Code] AS nvarchar(20)),
SAT_Customers_CO001,11,[CustomerCreditLimit],"TRY_CAST([CreditLimit] AS numeric(32,6))",
SAT_Customers_CO001,12,[CustomerCreditRating],TRY_CAST(NULL AS nvarchar(20)),Cannot find this concept in BC.
SAT_Customers_CO001,13,[CustomerDeliveryTerms],TRY_CAST(NULL AS nvarchar(120)),
SAT_Customers_CO001,14,[CustomerDeliveryTermsCode],TRY_CAST(NULL AS nvarchar(20)),
SAT_Customers_CO001,15,[CustomerGroup],TRY_CAST([CustomerGroupDescription] AS nvarchar(120)),"This is a default dimension, but it may be more relevant to swap this with the ClassificationGroup above depending on how the client is using these fields."
SAT_Customers_CO001,16,[CustomerGroupCode],TRY_CAST([CustomerGroupCode] AS nvarchar(20)),
SAT_Customers_CO001,17,[CustomerLineOfBusiness],TRY_CAST(NULL AS nvarchar(120)),Cannot find this concept in BC.
SAT_Customers_CO001,18,[CustomerLineOfBusinessCode],TRY_CAST(NULL AS nvarchar(20)),Cannot find this concept in BC.
SAT_Customers_CO001,19,[CustomerMethodOfPayment],TRY_CAST([PaymentMethodDescription] AS nvarchar(120)),
SAT_Customers_CO001,20,[CustomerMethodOfPaymentCode],TRY_CAST([Payment_Method_Code] AS nvarchar(20)),
SAT_Customers_CO001,21,[CustomerModeOfDelivery],TRY_CAST(NULL AS nvarchar(120)),
SAT_Customers_CO001,22,[CustomerModeOfDeliveryCode],TRY_CAST(NULL AS nvarchar(20)),
SAT_Customers_CO001,23,[CustomerName],TRY_CAST([Name] AS nvarchar(200)),
SAT_Customers_CO001,24,[CustomerPartyID],TRY_CAST(0 AS bigint),"RecId from D365FO, we do not need it for BC."
SAT_Customers_CO001,25,[CustomerPaymentTerm],TRY_CAST([PaymentTermsDescription] AS nvarchar(120)),
SAT_Customers_CO001,26,[CustomerPaymentTermsCode],TRY_CAST([Payment_Terms_Code] AS nvarchar(200)),
SAT_Customers_CO001,27,[CustomerPostCode],TRY_CAST([Post_Code] AS nvarchar(20)),
SAT_Customers_CO001,28,[CustomerPriceGroup],TRY_CAST([CustomerPriceGroupDescription] AS nvarchar(120)),
SAT_Customers_CO001,29,[CustomerPriceGroupCode],TRY_CAST([Customer_Price_Group] AS nvarchar(20)),
SAT_Customers_CO001,30,[CustomerSalesDistrict],TRY_CAST([SalesGroupDescription] AS nvarchar(120)),This is a default dimension. The dimension code may need to be adjusted after logging into customers BC.
SAT_Customers_CO001,31,[CustomerSalesDistrictCode],TRY_CAST([SalesGroupCode] AS nvarchar(40)),
SAT_Customers_CO001,32,[CustomerSalesGroup],TRY_CAST([SalesGroupDescription] AS nvarchar(120)),This is a default dimension. The dimension code may need to be adjusted after logging into customers BC.
SAT_Customers_CO001,33,[CustomerSalesGroupCode],TRY_CAST([SalesGroupCode] AS nvarchar(20)),
SAT_Customers_CO001,34,[CustomerSalesPool],TRY_CAST(NULL AS nvarchar(120)),Need to login to customers BC instance to see if this has been incorporated into dimensions or posting profiles. Further discussion with client if this concept is interpreted in other ways.
SAT_Customers_CO001,35,[CustomerSalesPoolCode],TRY_CAST(NULL AS nvarchar(20)),Need to login to customers BC instance to see if this has been incorporated into dimensions or posting profiles. Further discussion with client if this concept is interpreted in other ways.
SAT_Customers_CO001,36,[CustomerSegment],TRY_CAST(NULL AS nvarchar(120)),Need to login to customers BC instance to see if this has been incorporated into dimensions or posting profiles. Further discussion with client if this concept is interpreted in other ways.
SAT_Customers_CO001,37,[CustomerSegmentCode],TRY_CAST(NULL AS nvarchar(40)),Need to login to customers BC instance to see if this has been incorporated into dimensions or posting profiles. Further discussion with client if this concept is interpreted in other ways.
SAT_Customers_CO001,38,[CustomerState],TRY_CAST([County] AS nvarchar(20)),
SAT_Customers_CO001,39,[CustomerStatisticsGroup],TRY_CAST(NULL AS nvarchar(120)),Need to login to customers BC instance to see if this has been incorporated into dimensions or posting profiles. Further discussion with client if this concept is interpreted in other ways.
SAT_Customers_CO001,40,[CustomerStatisticsGroupCode],TRY_CAST(NULL AS nvarchar(20)),Need to login to customers BC instance to see if this has been incorporated into dimensions or posting profiles. Further discussion with client if this concept is interpreted in other ways.
SAT_Customers_CO001,41,[CustomerSubsegment],TRY_CAST(NULL AS nvarchar(120)),Need to login to customers BC instance to see if this has been incorporated into dimensions or posting profiles. Further discussion with client if this concept is interpreted in other ways.
SAT_Customers_CO001,42,[CustomerSubsegmentCode],TRY_CAST(NULL AS nvarchar(40)),Need to login to customers BC instance to see if this has been incorporated into dimensions or posting profiles. Further discussion with client if this concept is interpreted in other ways.
SAT_Customers_CO001,43,[CustomerHashDiff],TRY_CAST(NULL AS varchar(max)),Not using DV.
SAT_Customers_CO001,44,[LoadDate],TRY_CAST(NULL AS datetime),Not using DV.
SAT_Customers_CO001,45,[RecordSource],TRY_CAST([RecordSource] AS varchar(200)),
SRC_Customers_CO001,1,[No],[Customers].[No],
SRC_Customers_CO001,2,[Name],[Customers].[Name],
SRC_Customers_CO001,3,[Name_2],[Customers].[Name_2],
SRC_Customers_CO001,4,[Search_Name],[Customers].[Search_Name],
SRC_Customers_CO001,5,[IC_Partner_Code],[Customers].[IC_Partner_Code],
SRC_Customers_CO001,6,[Balance_LCY],[Customers].[Balance_LCY],
SRC_Customers_CO001,7,[BalanceAsVendor],[Customers].[BalanceAsVendor],
SRC_Customers_CO001,8,[Balance_Due_LCY],[Customers].[Balance_Due_LCY],
SRC_Customers_CO001,9,[Credit_Limit_LCY],[Customers].[Credit_Limit_LCY],
SRC_Customers_CO001,10,[Blocked],[Customers].[Blocked],
SRC_Customers_CO001,11,[Privacy_Blocked],[Customers].[Privacy_Blocked],
SRC_Customers_CO001,12,[Salesperson_Code],[Customers].[Salesperson_Code],
SRC_Customers_CO001,13,[Responsibility_Center],[Customers].[Responsibility_Center],
SRC_Customers_CO001,14,[Service_Zone_Code],[Customers].[Service_Zone_Code],
SRC_Customers_CO001,15,[Document_Sending_Profile],[Customers].[Document_Sending_Profile],
SRC_Customers_CO001,16,[TotalSales2],[Customers].[TotalSales2],
SRC_Customers_CO001,17,[CustSalesLCY_CustProfit_AdjmtCostLCY],[Customers].[CustSalesLCY_CustProfit_AdjmtCostLCY],
SRC_Customers_CO001,18,[AdjCustProfit],[Customers].[AdjCustProfit],
SRC_Customers_CO001,19,[AdjProfitPct],[Customers].[AdjProfitPct],
SRC_Customers_CO001,20,[Last_Date_Modified],[Customers].[Last_Date_Modified],
SRC_Customers_CO001,21,[Disable_Search_by_Name],[Customers].[Disable_Search_by_Name],
SRC_Customers_CO001,22,[Priority],[Customers].[Priority],
SRC_Customers_CO001,23,[LookupAddress],[Customers].[LookupAddress],
SRC_Customers_CO001,24,[Address],[Customers].[Address],
SRC_Customers_CO001,25,[Address_2],[Customers].[Address_2],
SRC_Customers_CO001,26,[Country_Region_Code],[Customers].[Country_Region_Code],
SRC_Customers_CO001,27,[City],[Customers].[City],
SRC_Customers_CO001,28,[County],[Customers].[County],
SRC_Customers_CO001,29,[Post_Code],[Customers].[Post_Code],
SRC_Customers_CO001,30,[ShowMap],[Customers].[ShowMap],
SRC_Customers_CO001,31,[Phone_No],[Customers].[Phone_No],
SRC_Customers_CO001,32,[MobilePhoneNo],[Customers].[MobilePhoneNo],
SRC_Customers_CO001,33,[E_Mail],[Customers].[E_Mail],
SRC_Customers_CO001,34,[Fax_No],[Customers].[Fax_No],
SRC_Customers_CO001,35,[Home_Page],[Customers].[Home_Page],
SRC_Customers_CO001,36,[Language_Code],[Customers].[Language_Code],
SRC_Customers_CO001,37,[Format_Region],[Customers].[Format_Region],
SRC_Customers_CO001,38,[Primary_Contact_No],[Customers].[Primary_Contact_No],
SRC_Customers_CO001,39,[ContactName],[Customers].[ContactName],
SRC_Customers_CO001,40,[Bill_to_Customer_No],[Customers].[Bill_to_Customer_No],
SRC_Customers_CO001,41,[VAT_Registration_No],[Customers].[VAT_Registration_No],
SRC_Customers_CO001,42,[EORI_Number],[Customers].[EORI_Number],
SRC_Customers_CO001,43,[GLN],[Customers].[GLN],
SRC_Customers_CO001,44,[Use_GLN_in_Electronic_Document],[Customers].[Use_GLN_in_Electronic_Document],
SRC_Customers_CO001,45,[Copy_Sell_to_Addr_to_Qte_From],[Customers].[Copy_Sell_to_Addr_to_Qte_From],
SRC_Customers_CO001,46,[Tax_Liable],[Customers].[Tax_Liable],
SRC_Customers_CO001,47,[Tax_Area_Code],[Customers].[Tax_Area_Code],
SRC_Customers_CO001,48,[Registration_Number],[Customers].[Registration_Number],
SRC_Customers_CO001,49,[Gen_Bus_Posting_Group],[Customers].[Gen_Bus_Posting_Group],
SRC_Customers_CO001,50,[VAT_Bus_Posting_Group],[Customers].[VAT_Bus_Posting_Group],
SRC_Customers_CO001,51,[Customer_Posting_Group],[Customers].[Customer_Posting_Group],
SRC_Customers_CO001,52,[Allow_Multiple_Posting_Groups],[Customers].[Allow_Multiple_Posting_Groups],
SRC_Customers_CO001,53,[Currency_Code],[Customers].[Currency_Code],
SRC_Customers_CO001,54,[Price_Calculation_Method],[Customers].[Price_Calculation_Method],
SRC_Customers_CO001,55,[Customer_Price_Group],[Customers].[Customer_Price_Group],
SRC_Customers_CO001,56,[Customer_Disc_Group],[Customers].[Customer_Disc_Group],
SRC_Customers_CO001,57,[Allow_Line_Disc],[Customers].[Allow_Line_Disc],
SRC_Customers_CO001,58,[Invoice_Disc_Code],[Customers].[Invoice_Disc_Code],
SRC_Customers_CO001,59,[Prices_Including_VAT],[Customers].[Prices_Including_VAT],
SRC_Customers_CO001,60,[Prepayment_Percent],[Customers].[Prepayment_Percent],
SRC_Customers_CO001,61,[Application_Method],[Customers].[Application_Method],
SRC_Customers_CO001,62,[Partner_Type],[Customers].[Partner_Type],
SRC_Customers_CO001,63,[Intrastat_Partner_Type],[Customers].[Intrastat_Partner_Type],
SRC_Customers_CO001,64,[Payment_Terms_Code],[Customers].[Payment_Terms_Code],
SRC_Customers_CO001,65,[Payment_Method_Code],[Customers].[Payment_Method_Code],
SRC_Customers_CO001,66,[Reminder_Terms_Code],[Customers].[Reminder_Terms_Code],
SRC_Customers_CO001,67,[Fin_Charge_Terms_Code],[Customers].[Fin_Charge_Terms_Code],
SRC_Customers_CO001,68,[Cash_Flow_Payment_Terms_Code],[Customers].[Cash_Flow_Payment_Terms_Code],
SRC_Customers_CO001,69,[Print_Statements],[Customers].[Print_Statements],
SRC_Customers_CO001,70,[Last_Statement_No],[Customers].[Last_Statement_No],
SRC_Customers_CO001,71,[Block_Payment_Tolerance],[Customers].[Block_Payment_Tolerance],
SRC_Customers_CO001,72,[Preferred_Bank_Account_Code],[Customers].[Preferred_Bank_Account_Code],
SRC_Customers_CO001,73,[Exclude_from_Pmt_Practices],[Customers].[Exclude_from_Pmt_Practices],
SRC_Customers_CO001,74,[Ship_to_Code],[Customers].[Ship_to_Code],
SRC_Customers_CO001,75,[Location_Code],[Customers].[Location_Code],
SRC_Customers_CO001,76,[Combine_Shipments],[Customers].[Combine_Shipments],
SRC_Customers_CO001,77,[Reserve],[Customers].[Reserve],
SRC_Customers_CO001,78,[Shipping_Advice],[Customers].[Shipping_Advice],
SRC_Customers_CO001,79,[Shipment_Method_Code],[Customers].[Shipment_Method_Code],
SRC_Customers_CO001,80,[Shipping_Agent_Code],[Customers].[Shipping_Agent_Code],
SRC_Customers_CO001,81,[Shipping_Agent_Service_Code],[Customers].[Shipping_Agent_Service_Code],
SRC_Customers_CO001,82,[Shipping_Time],[Customers].[Shipping_Time],
SRC_Customers_CO001,83,[Base_Calendar_Code],[Customers].[Base_Calendar_Code],
SRC_Customers_CO001,84,[Customized_Calendar],[Customers].[Customized_Calendar],
SRC_Customers_CO001,85,[Default_Trans_Type],[Customers].[Default_Trans_Type],
SRC_Customers_CO001,86,[Default_Trans_Type_Return],[Customers].[Default_Trans_Type_Return],
SRC_Customers_CO001,87,[Def_Transport_Method],[Customers].[Def_Transport_Method],
SRC_Customers_CO001,88,[Balance_LCY_2],[Customers].[Balance_LCY_2],
SRC_Customers_CO001,89,[ExpectedCustMoneyOwed],[Customers].[ExpectedCustMoneyOwed],
SRC_Customers_CO001,90,[TotalMoneyOwed],[Customers].[TotalMoneyOwed],
SRC_Customers_CO001,91,[CreditLimit],[Customers].[CreditLimit],
SRC_Customers_CO001,92,[CalcCreditLimitLCYExpendedPct],[Customers].[CalcCreditLimitLCYExpendedPct],
SRC_Customers_CO001,93,[Balance_Due],[Customers].[Balance_Due],
SRC_Customers_CO001,94,[Payments_LCY],[Customers].[Payments_LCY],
SRC_Customers_CO001,95,[CustomerMgt_AvgDaysToPay_No],[Customers].[CustomerMgt_AvgDaysToPay_No],
SRC_Customers_CO001,96,[DaysPaidPastDueDate],[Customers].[DaysPaidPastDueDate],
SRC_Customers_CO001,97,[AmountOnPostedInvoices],[Customers].[AmountOnPostedInvoices],
SRC_Customers_CO001,98,[AmountOnCrMemo],[Customers].[AmountOnCrMemo],
SRC_Customers_CO001,99,[AmountOnOutstandingInvoices],[Customers].[AmountOnOutstandingInvoices],
SRC_Customers_CO001,100,[AmountOnOutstandingCrMemos],[Customers].[AmountOnOutstandingCrMemos],
SRC_Customers_CO001,101,[Totals],[Customers].[Totals],
SRC_Customers_CO001,102,[CustInvDiscAmountLCY],[Customers].[CustInvDiscAmountLCY],
SRC_Customers_CO001,103,[Global_Dimension_1_Filter],[Customers].[Global_Dimension_1_Filter],
SRC_Customers_CO001,104,[Global_Dimension_2_Filter],[Customers].[Global_Dimension_2_Filter],
SRC_Customers_CO001,105,[Currency_Filter],[Customers].[Currency_Filter],
SRC_Customers_CO001,106,[Date_Filter],[Customers].[Date_Filter],
SRC_Customers_CO001,107,[CustomerPostingGroupDescription],[CustomerPostingGroups].[Description],Added to base table
SRC_Customers_CO001,108,[CustomerGroupCode],[DefaultDimensions].[Dimension_Value_Code],Added to base table
SRC_Customers_CO001,109,[CustomerGroupDescription],[DimensionValueList].[Name],Added to base table
SRC_Customers_CO001,110,[PaymentMethodDescription],[PaymentMethods].[Description],Added to base table
SRC_Customers_CO001,111,[PaymentTermsDescription],[PaymentTerms].[Description],Added to base table
SRC_Customers_CO001,112,[CustomerPriceGroupDescription],[CustomerPriceGroups].[Description],Added to base table
SRC_Customers_CO001,113,[SalesGroupCode],[SalesGroupDimensions].[Dimension_Value_Code],Added to base table
SRC_Customers_CO001,114,[SalesGroupDescription],[SalesGroupDimensionValueList].[Name],Added to base table
SRC_Customers_CO001,997,[CompanyId],'CO001',Hard coded - needs to be changed onsite.
SRC_Customers_CO001,998,[RecordSource],'Business Central - CO001',Hard coded - needs to be changed onsite.
SRC_Customers_CO001,999,[HashKey],"CONVERT(VARCHAR(32),HashBytes('MD5', CONCAT('Business Central','CO001',[Customers].[No])),2)",Hard coded - needs to be changed onsite.
DIM_Vendors,1,[VendorDimKey],sat.[VendorDimKey],
DIM_Vendors,2,[VendorId],sat.[VendorId],
DIM_Vendors,3,[CompanyCode],sat.[CompanyCode],
DIM_Vendors,4,[CreditLimit],sat.[CreditLimit],
DIM_Vendors,5,[CreditRating],sat.[CreditRating],
DIM_Vendors,6,[DeliveryTerms],sat.[DeliveryTerms],
DIM_Vendors,7,[DeliveryTermsCode],sat.[DeliveryTermsCode],
DIM_Vendors,8,[FreightZone],sat.[FreightZone],
DIM_Vendors,9,[MethodofPayment],sat.[MethodofPayment],
DIM_Vendors,10,[MethodofPaymentCode],sat.[MethodofPaymentCode],
DIM_Vendors,11,[ModeofDelivery],sat.[ModeofDelivery],
DIM_Vendors,12,[ModeofDeliveryCode],sat.[ModeofDeliveryCode],
DIM_Vendors,13,[PaymenTerms],sat.[PaymenTerms],
DIM_Vendors,14,[PaymentTermsCode],sat.[PaymentTermsCode],
DIM_Vendors,15,[PurchasePool],sat.[PurchasePool],
DIM_Vendors,16,[PurchasePoolCode],sat.[PurchasePoolCode],
DIM_Vendors,17,[Segment],sat.[Segment],
DIM_Vendors,18,[SegmentCode],sat.[SegmentCode],
DIM_Vendors,19,[Subsegment],sat.[Subsegment],
DIM_Vendors,20,[SubsegmentCode],sat.[SubsegmentCode],
DIM_Vendors,21,[VendorCity],sat.[VendorCity],
DIM_Vendors,22,[VendorCode],sat.[VendorCode],
DIM_Vendors,23,[VendorCountryorRegion],sat.[VendorCountryorRegion],
DIM_Vendors,24,[VendorGroup],sat.[VendorGroup],
DIM_Vendors,25,[VendorGroupCode],sat.[VendorGroupCode],
DIM_Vendors,26,[VendorName],sat.[VendorName],
DIM_Vendors,27,[VendorState],sat.[VendorState],
DIM_Vendors,28,[VendorPostCode],sat.[VendorPostCode],
DIM_Vendors,29,[RecordSource],sat.[RecordSource],
SAT_Vendors_CO001,1,[VendorDimKey],TRY_CAST(NULL AS varchar(255)),
SAT_Vendors_CO001,2,[VendorId],TRY_CAST(0 AS bigint),"RecId from D365FO, we do not need it for BC."
SAT_Vendors_CO001,3,[CompanyCode],TRY_CAST(NULL AS nvarchar(8)),
SAT_Vendors_CO001,4,[CreditLimit],TRY_CAST(NULL AS numeric),
SAT_Vendors_CO001,5,[CreditRating],TRY_CAST(NULL AS nvarchar(20)),
SAT_Vendors_CO001,6,[DeliveryTerms],TRY_CAST(NULL AS nvarchar(120)),
SAT_Vendors_CO001,7,[DeliveryTermsCode],TRY_CAST(NULL AS nvarchar(20)),
SAT_Vendors_CO001,8,[FreightZone],TRY_CAST(NULL AS nvarchar(20)),
SAT_Vendors_CO001,9,[MethodofPayment],TRY_CAST(NULL AS nvarchar(120)),
SAT_Vendors_CO001,10,[MethodofPaymentCode],TRY_CAST(NULL AS nvarchar(20)),
SAT_Vendors_CO001,11,[ModeofDelivery],TRY_CAST(NULL AS nvarchar(120)),
SAT_Vendors_CO001,12,[ModeofDeliveryCode],TRY_CAST(NULL AS nvarchar(20)),
SAT_Vendors_CO001,13,[PaymenTerms],TRY_CAST(NULL AS nvarchar(120)),
SAT_Vendors_CO001,14,[PaymentTermsCode],TRY_CAST(NULL AS nvarchar(200)),
SAT_Vendors_CO001,15,[PurchasePool],TRY_CAST(NULL AS nvarchar(120)),
SAT_Vendors_CO001,16,[PurchasePoolCode],TRY_CAST(NULL AS nvarchar(20)),
SAT_Vendors_CO001,17,[Segment],TRY_CAST(NULL AS nvarchar(120)),
SAT_Vendors_CO001,18,[SegmentCode],TRY_CAST(NULL AS nvarchar(40)),
SAT_Vendors_CO001,19,[Subsegment],TRY_CAST(NULL AS nvarchar(120)),
SAT_Vendors_CO001,20,[SubsegmentCode],TRY_CAST(NULL AS nvarchar(40)),
SAT_Vendors_CO001,21,[VendorCity],TRY_CAST(NULL AS nvarchar(120)),
SAT_Vendors_CO001,22,[VendorCode],TRY_CAST(NULL AS nvarchar(40)),
SAT_Vendors_CO001,23,[VendorCountryorRegion],TRY_CAST(NULL AS nvarchar(20)),
SAT_Vendors_CO001,24,[VendorGroup],TRY_CAST(NULL AS nvarchar(120)),
SAT_Vendors_CO001,25,[VendorGroupCode],TRY_CAST(NULL AS nvarchar(20)),
SAT_Vendors_CO001,26,[VendorName],TRY_CAST(NULL AS nvarchar(200)),
SAT_Vendors_CO001,27,[VendorState],TRY_CAST(NULL AS nvarchar(20)),
SAT_Vendors_CO001,28,[VendorPostCode],TRY_CAST(NULL AS nvarchar(20)),
SAT_Vendors_CO001,29,[RecordSource],TRY_CAST(NULL AS varchar(200)),
SRC_Vendors_CO001,1,[No],[No],
SRC_Vendors_CO001,2,[Name],[Name],
SRC_Vendors_CO001,3,[Name_2],[Name_2],
SRC_Vendors_CO001,4,[Blocked],[Blocked],
SRC_Vendors_CO001,5,[Privacy_Blocked],[Privacy_Blocked],
SRC_Vendors_CO001,6,[Last_Date_Modified],[Last_Date_Modified],
SRC_Vendors_CO001,7,[Balance_LCY],[Balance_LCY],
SRC_Vendors_CO001,8,[BalanceAsCustomer],[BalanceAsCustomer],
SRC_Vendors_CO001,9,[Balance_Due_LCY],[Balance_Due_LCY],
SRC_Vendors_CO001,10,[Document_Sending_Profile],[Document_Sending_Profile],
SRC_Vendors_CO001,11,[Search_Name],[Search_Name],
SRC_Vendors_CO001,12,[IC_Partner_Code],[IC_Partner_Code],
SRC_Vendors_CO001,13,[Purchaser_Code],[Purchaser_Code],
SRC_Vendors_CO001,14,[Responsibility_Center],[Responsibility_Center],
SRC_Vendors_CO001,15,[Disable_Search_by_Name],[Disable_Search_by_Name],
SRC_Vendors_CO001,16,[Company_Size_Code],[Company_Size_Code],
SRC_Vendors_CO001,17,[LookupAddress],[LookupAddress],
SRC_Vendors_CO001,18,[Address],[Address],
SRC_Vendors_CO001,19,[Address_2],[Address_2],
SRC_Vendors_CO001,20,[Country_Region_Code],[Country_Region_Code],
SRC_Vendors_CO001,21,[City],[City],
SRC_Vendors_CO001,22,[County],[County],
SRC_Vendors_CO001,23,[Post_Code],[Post_Code],
SRC_Vendors_CO001,24,[ShowMap],[ShowMap],
SRC_Vendors_CO001,25,[Phone_No],[Phone_No],
SRC_Vendors_CO001,26,[MobilePhoneNo],[MobilePhoneNo],
SRC_Vendors_CO001,27,[E_Mail],[E_Mail],
SRC_Vendors_CO001,28,[Fax_No],[Fax_No],
SRC_Vendors_CO001,29,[Home_Page],[Home_Page],
SRC_Vendors_CO001,30,[Our_Account_No],[Our_Account_No],
SRC_Vendors_CO001,31,[Language_Code],[Language_Code],
SRC_Vendors_CO001,32,[Format_Region],[Format_Region],
SRC_Vendors_CO001,33,[Primary_Contact_No],[Primary_Contact_No],
SRC_Vendors_CO001,34,[Control16],[Control16],
SRC_Vendors_CO001,35,[VAT_Registration_No],[VAT_Registration_No],
SRC_Vendors_CO001,36,[EORI_Number],[EORI_Number],
SRC_Vendors_CO001,37,[GLN],[GLN],
SRC_Vendors_CO001,38,[Tax_Liable],[Tax_Liable],
SRC_Vendors_CO001,39,[Tax_Area_Code],[Tax_Area_Code],
SRC_Vendors_CO001,40,[Pay_to_Vendor_No],[Pay_to_Vendor_No],
SRC_Vendors_CO001,41,[Invoice_Disc_Code],[Invoice_Disc_Code],
SRC_Vendors_CO001,42,[Prices_Including_VAT],[Prices_Including_VAT],
SRC_Vendors_CO001,43,[Price_Calculation_Method],[Price_Calculation_Method],
SRC_Vendors_CO001,44,[Registration_Number],[Registration_Number],
SRC_Vendors_CO001,45,[Gen_Bus_Posting_Group],[Gen_Bus_Posting_Group],
SRC_Vendors_CO001,46,[VAT_Bus_Posting_Group],[VAT_Bus_Posting_Group],
SRC_Vendors_CO001,47,[Vendor_Posting_Group],[Vendor_Posting_Group],
SRC_Vendors_CO001,48,[Allow_Multiple_Posting_Groups],[Allow_Multiple_Posting_Groups],
SRC_Vendors_CO001,49,[Currency_Code],[Currency_Code],
SRC_Vendors_CO001,50,[Prepayment_Percent],[Prepayment_Percent],
SRC_Vendors_CO001,51,[Application_Method],[Application_Method],
SRC_Vendors_CO001,52,[Payment_Terms_Code],[Payment_Terms_Code],
SRC_Vendors_CO001,53,[Payment_Method_Code],[Payment_Method_Code],
SRC_Vendors_CO001,54,[Priority],[Priority],
SRC_Vendors_CO001,55,[Block_Payment_Tolerance],[Block_Payment_Tolerance],
SRC_Vendors_CO001,56,[Preferred_Bank_Account_Code],[Preferred_Bank_Account_Code],
SRC_Vendors_CO001,57,[Partner_Type],[Partner_Type],
SRC_Vendors_CO001,58,[Intrastat_Partner_Type],[Intrastat_Partner_Type],
SRC_Vendors_CO001,59,[Cash_Flow_Payment_Terms_Code],[Cash_Flow_Payment_Terms_Code],
SRC_Vendors_CO001,60,[Creditor_No],[Creditor_No],
SRC_Vendors_CO001,61,[Exclude_from_Pmt_Pract_Rep],[Exclude_from_Pmt_Pract_Rep],
SRC_Vendors_CO001,62,[Exclude_from_Pmt_Practices],[Exclude_from_Pmt_Practices],
SRC_Vendors_CO001,63,[Location_Code],[Location_Code],
SRC_Vendors_CO001,64,[Shipment_Method_Code],[Shipment_Method_Code],
SRC_Vendors_CO001,65,[Lead_Time_Calculation],[Lead_Time_Calculation],
SRC_Vendors_CO001,66,[Base_Calendar_Code],[Base_Calendar_Code],
SRC_Vendors_CO001,67,[Customized_Calendar],[Customized_Calendar],
SRC_Vendors_CO001,68,[Over_Receipt_Code],[Over_Receipt_Code],
SRC_Vendors_CO001,69,[Receive_E_Document_To],[Receive_E_Document_To],
SRC_Vendors_CO001,70,[Default_Trans_Type],[Default_Trans_Type],
SRC_Vendors_CO001,71,[Default_Trans_Type_Return],[Default_Trans_Type_Return],
SRC_Vendors_CO001,72,[Def_Transport_Method],[Def_Transport_Method],
SRC_Vendors_CO001,73,[Global_Dimension_1_Filter],[Global_Dimension_1_Filter],
SRC_Vendors_CO001,74,[Global_Dimension_2_Filter],[Global_Dimension_2_Filter],
SRC_Vendors_CO001,75,[Currency_Filter],[Currency_Filter],
SRC_Vendors_CO001,76,[Date_Filter],[Date_Filter],
SRC_Vendors_CO001,77,[RecordSource],'Business Central - CO001',
SRC_Vendors_CO001,78,[HashKey],"CONVERT(VARCHAR(32),HashBytes('MD5', CONCAT('Business Central','CO001',[No])),2)",
FACT_FinancialActivity,1,[FinancialActivityKey],sat.[FinancialActivityKey],
FACT_FinancialActivity,2,[CompanyDimKey],sat.[CompanyDimKey],
FACT_FinancialActivity,3,[CurrencyDimKey],sat.[CurrencyDimKey],
FACT_FinancialActivity,4,[DateDimKey],sat.[DateDimKey],
FACT_FinancialActivity,5,[DocumentDateDateDimKey],sat.[DocumentDateDateDimKey],
FACT_FinancialActivity,6,[FiscalCalendarDimKey],sat.[FiscalCalendarDimKey],
FACT_FinancialActivity,7,[LedgerDimKey],sat.[LedgerDimKey],
FACT_FinancialActivity,8,[LedgerDimensionDimKey],sat.[LedgerDimensionDimKey],
FACT_FinancialActivity,9,[MainAccountCategoryDimKey],sat.[MainAccountCategoryDimKey],
FACT_FinancialActivity,10,[MainAccountDimKey],sat.[MainAccountDimKey],
FACT_FinancialActivity,11,[PartitionDimKey],sat.[PartitionDimKey],
FACT_FinancialActivity,12,[GeneralLedgerId],sat.[GeneralLedgerId],
FACT_FinancialActivity,13,[GeneralJournalEntryId],sat.[GeneralJournalEntryId],
FACT_FinancialActivity,14,[AccountingCurrencyAmount],sat.[AccountingCurrencyAmount],
FACT_FinancialActivity,15,[CrediDebit],sat.[CrediDebit],
FACT_FinancialActivity,16,[DocumentNumber],sat.[DocumentNumber],
FACT_FinancialActivity,17,[FisalPeriodId],sat.[FisalPeriodId],
FACT_FinancialActivity,18,[JournalCategory],sat.[JournalCategory],
FACT_FinancialActivity,19,[JournalNumber],sat.[JournalNumber],
FACT_FinancialActivity,20,[LedgerText],sat.[LedgerText],
FACT_FinancialActivity,21,[PostingType],sat.[PostingType],
FACT_FinancialActivity,22,[Quantity],sat.[Quantity],
FACT_FinancialActivity,23,[ReportingCurrencyAmount],sat.[ReportingCurrencyAmount],
FACT_FinancialActivity,24,[TransactionCurrencyAmount],sat.[TransactionCurrencyAmount],
FACT_FinancialActivity,25,[Voucher],sat.[Voucher],
FACT_FinancialActivity,26,[RecordSource],sat.[RecordSource],
SAT_FinancialActivity_CO001,1,[FinancialActivityKey],TRY_CAST(NULL AS varchar(255)),
SAT_FinancialActivity_CO001,2,[CompanyDimKey],TRY_CAST(NULL AS varchar(255)),
SAT_FinancialActivity_CO001,3,[CurrencyDimKey],TRY_CAST(NULL AS varchar(255)),
SAT_FinancialActivity_CO001,4,[DateDimKey],TRY_CAST(0 AS bigint),"RecId from D365FO, we do not need it for BC."
SAT_FinancialActivity_CO001,5,[DocumentDateDateDimKey],TRY_CAST(0 AS bigint),"RecId from D365FO, we do not need it for BC."
SAT_FinancialActivity_CO001,6,[FiscalCalendarDimKey],TRY_CAST(NULL AS varchar(255)),
SAT_FinancialActivity_CO001,7,[LedgerDimKey],TRY_CAST(NULL AS varchar(255)),
SAT_FinancialActivity_CO001,8,[LedgerDimensionDimKey],TRY_CAST(NULL AS varchar(255)),
SAT_FinancialActivity_CO001,9,[MainAccountCategoryDimKey],TRY_CAST(NULL AS varchar(255)),
SAT_FinancialActivity_CO001,10,[MainAccountDimKey],TRY_CAST(NULL AS varchar(255)),
SAT_FinancialActivity_CO001,11,[PartitionDimKey],TRY_CAST(NULL AS varchar(255)),
SAT_FinancialActivity_CO001,12,[GeneralLedgerId],TRY_CAST(0 AS bigint),"RecId from D365FO, we do not need it for BC."
SAT_FinancialActivity_CO001,13,[GeneralJournalEntryId],TRY_CAST(0 AS bigint),"RecId from D365FO, we do not need it for BC."
SAT_FinancialActivity_CO001,14,[AccountingCurrencyAmount],"TRY_CAST(NULL AS numeric(32,6))",
SAT_FinancialActivity_CO001,15,[CrediDebit],TRY_CAST(NULL AS nvarchar(20)),
SAT_FinancialActivity_CO001,16,[DocumentNumber],TRY_CAST(NULL AS nvarchar(40)),
SAT_FinancialActivity_CO001,17,[FisalPeriodId],TRY_CAST(0 AS bigint),"RecId from D365FO, we do not need it for BC."
SAT_FinancialActivity_CO001,18,[JournalCategory],TRY_CAST(NULL AS nvarchar(50)),
SAT_FinancialActivity_CO001,19,[JournalNumber],TRY_CAST(NULL AS nvarchar(40)),
SAT_FinancialActivity_CO001,20,[LedgerText],TRY_CAST(NULL AS nvarchar(1024)),
SAT_FinancialActivity_CO001,21,[PostingType],TRY_CAST(NULL AS nvarchar(50)),
SAT_FinancialActivity_CO001,22,[Quantity],"TRY_CAST(NULL AS numeric(32,6))",
SAT_FinancialActivity_CO001,23,[ReportingCurrencyAmount],"TRY_CAST(NULL AS numeric(32,6))",
SAT_FinancialActivity_CO001,24,[TransactionCurrencyAmount],"TRY_CAST(NULL AS numeric(32,6))",
SAT_FinancialActivity_CO001,25,[Voucher],TRY_CAST(NULL AS nvarchar(40)),
SAT_FinancialActivity_CO001,26,[RecordSource],TRY_CAST(NULL AS nvarchar(255)),
SRC_FinancialActivity_CO001,1,[Entry_No],[Entry_No],
SRC_FinancialActivity_CO001,2,[Posting_Date],[Posting_Date],
SRC_FinancialActivity_CO001,3,[Entry_Type],[Entry_Type],
SRC_FinancialActivity_CO001,4,[Document_Type],[Document_Type],
SRC_FinancialActivity_CO001,5,[Document_No],[Document_No],
SRC_FinancialActivity_CO001,6,[Document_Line_No],[Document_Line_No],
SRC_FinancialActivity_CO001,7,[Item_No],[Item_No],
SRC_FinancialActivity_CO001,8,[Variant_Code],[Variant_Code],
SRC_FinancialActivity_CO001,9,[Description],[Description],
SRC_FinancialActivity_CO001,10,[Return_Reason_Code],[Return_Reason_Code],
SRC_FinancialActivity_CO001,11,[Global_Dimension_1_Code],[Global_Dimension_1_Code],
SRC_FinancialActivity_CO001,12,[Global_Dimension_2_Code],[Global_Dimension_2_Code],
SRC_FinancialActivity_CO001,13,[Expiration_Date],[Expiration_Date],
SRC_FinancialActivity_CO001,14,[Serial_No],[Serial_No],
SRC_FinancialActivity_CO001,15,[Lot_No],[Lot_No],
SRC_FinancialActivity_CO001,16,[Package_No],[Package_No],
SRC_FinancialActivity_CO001,17,[Location_Code],[Location_Code],
SRC_FinancialActivity_CO001,18,[Quantity],[Quantity],
SRC_FinancialActivity_CO001,19,[RunningBalance],[RunningBalance],
SRC_FinancialActivity_CO001,20,[RunningBalanceLoc],[RunningBalanceLoc],
SRC_FinancialActivity_CO001,21,[Invoiced_Quantity],[Invoiced_Quantity],
SRC_FinancialActivity_CO001,22,[Remaining_Quantity],[Remaining_Quantity],
SRC_FinancialActivity_CO001,23,[Shipped_Qty_Not_Returned],[Shipped_Qty_Not_Returned],
SRC_FinancialActivity_CO001,24,[Reserved_Quantity],[Reserved_Quantity],
SRC_FinancialActivity_CO001,25,[Qty_per_Unit_of_Measure],[Qty_per_Unit_of_Measure],
SRC_FinancialActivity_CO001,26,[Unit_of_Measure_Code],[Unit_of_Measure_Code],
SRC_FinancialActivity_CO001,27,[Sales_Amount_Expected],[Sales_Amount_Expected],
SRC_FinancialActivity_CO001,28,[Sales_Amount_Actual],[Sales_Amount_Actual],
SRC_FinancialActivity_CO001,29,[Cost_Amount_Expected],[Cost_Amount_Expected],
SRC_FinancialActivity_CO001,30,[Cost_Amount_Actual],[Cost_Amount_Actual],
SRC_FinancialActivity_CO001,31,[Cost_Amount_Non_Invtbl],[Cost_Amount_Non_Invtbl],
SRC_FinancialActivity_CO001,32,[Cost_Amount_Expected_ACY],[Cost_Amount_Expected_ACY],
SRC_FinancialActivity_CO001,33,[Cost_Amount_Actual_ACY],[Cost_Amount_Actual_ACY],
SRC_FinancialActivity_CO001,34,[Cost_Amount_Non_Invtbl_ACY],[Cost_Amount_Non_Invtbl_ACY],
SRC_FinancialActivity_CO001,35,[Completely_Invoiced],[Completely_Invoiced],
SRC_FinancialActivity_CO001,36,[Open],[Open],
SRC_FinancialActivity_CO001,37,[Drop_Shipment],[Drop_Shipment],
SRC_FinancialActivity_CO001,38,[Assemble_to_Order],[Assemble_to_Order],
SRC_FinancialActivity_CO001,39,[Applied_Entry_to_Adjust],[Applied_Entry_to_Adjust],
SRC_FinancialActivity_CO001,40,[Order_Type],[Order_Type],
SRC_FinancialActivity_CO001,41,[Order_No],[Order_No],
SRC_FinancialActivity_CO001,42,[Order_Line_No],[Order_Line_No],
SRC_FinancialActivity_CO001,43,[Prod_Order_Comp_Line_No],[Prod_Order_Comp_Line_No],
SRC_FinancialActivity_CO001,44,[Job_No],[Job_No],
SRC_FinancialActivity_CO001,45,[Job_Task_No],[Job_Task_No],
SRC_FinancialActivity_CO001,46,[Dimension_Set_ID],[Dimension_Set_ID],
SRC_FinancialActivity_CO001,47,[Shortcut_Dimension_3_Code],[Shortcut_Dimension_3_Code],
SRC_FinancialActivity_CO001,48,[Shortcut_Dimension_4_Code],[Shortcut_Dimension_4_Code],
SRC_FinancialActivity_CO001,49,[Shortcut_Dimension_5_Code],[Shortcut_Dimension_5_Code],
SRC_FinancialActivity_CO001,50,[Shortcut_Dimension_6_Code],[Shortcut_Dimension_6_Code],
SRC_FinancialActivity_CO001,51,[Shortcut_Dimension_7_Code],[Shortcut_Dimension_7_Code],
SRC_FinancialActivity_CO001,52,[Shortcut_Dimension_8_Code],[Shortcut_Dimension_8_Code],
SRC_FinancialActivity_CO001,53,[Source_Type],[Source_Type],
SRC_FinancialActivity_CO001,54,[Source_No],[Source_No],
SRC_FinancialActivity_CO001,55,[RecordSource],'Business Central - CO001',
SRC_FinancialActivity_CO001,56,[HashKey],"CONVERT(VARCHAR(32),HashBytes('MD5', CONCAT('Business Central','CO001',[Entry_No])),2)",
